{"itemDatas":[{"itemID":0,"position":{"x":32.4685173034668,"y":-5.017862796783447},"rotation":{"x":0.0,"y":0.0,"z":0.0}}]}